Hi there,
Thanks for reaching out to Ghostery!

If you believe the domain is acting as a tracker, you’re welcome to submit it directly through our tracker submission form here:
https://www.ghostery.com/submit-a-tracker
This helps us continue improving our tracker coverage.

For the future, you can also access the submission form directly in Ghostery by following these steps:
1. Open your browser.
2. Click the Ghostery icon to open the panel.
3. Click the "burger" menu (three stacked lines).
4. Select Submit a new tracker.

We also recommend reaching out to EasyList directly, since rules like these are best maintained there. EasyList is widely used and helps prevent site breakage across the web.

You can submit any specific requests you think should be blocked here: https://easylist.to/

Thanks again for helping us improve — your input truly makes a difference.

Here for any other questions!
Best,
Ghostery Support
